cluster_rep	chosen_fasta_id	beta_strands	cluster_size
6L62_EMD-0838_A	6L62_EMD-0838_A	15	1
6L6Z_EMD-0840_A	6L6Z_EMD-0840_A	30	1
6LGN_EMD-0881_A	6LGN_EMD-0881_A	60	3
6LGN_EMD-0881_B	6LGN_EMD-0881_B	53	1
6LK8_EMD-0909_A	6LK8_EMD-0909_A	2	2
6LK8_EMD-0909_B	6LK8_EMD-0909_B	5	2
6LK8_EMD-0909_C	7WB4_EMD-32394_C	30	3
6LK8_EMD-0909_E	6LK8_EMD-0909_E	34	2
6LK8_EMD-0909_F	6LK8_EMD-0909_F	30	2
6LK8_EMD-0909_H	6LK8_EMD-0909_H	27	3
6LK8_EMD-0909_J	6LK8_EMD-0909_J	38	2
6LM3_EMD-0916_A	6LM3_EMD-0916_A	13	1
6LSY_EMD-0965_A	6LSY_EMD-0965_A	21	2
6M1D_EMD-30041_A	6M1D_EMD-30041_A	4	1
6M1D_EMD-30041_B	7A98_EMD-11688_B	76	3
6M5V_EMD-30094_A	6M5V_EMD-30094_A	21	1
6M5V_EMD-30094_B	6M5V_EMD-30094_B	6	1
6M68_EMD-30116_A	6M68_EMD-30116_A	5	4
6M6G_EMD-30123_F	6M6G_EMD-30123_F	63	1
6M6G_EMD-30123_S	6M6G_EMD-30123_S	19	2
6M6H_EMD-30124_A	6M6H_EMD-30124_A	58	1
6M6H_EMD-30124_G	6M6H_EMD-30124_G	27	1
6M6H_EMD-30124_R	6M6H_EMD-30124_R	16	1
6M6H_EMD-30124_T	6M6H_EMD-30124_T	19	1
6PSN_EMD-20459_A	6PSN_EMD-20459_A	39	1
6PV6_EMD-20486_A	7JMF_EMD-22392_B	124	6
6Q7L_EMD-4469_A	6Q7L_EMD-4469_A	34	2
6Q7L_EMD-4469_U	6SZA_EMD-10351_A	24	5
6ROW_EMD-4975_A	6ROW_EMD-4975_A	8	1
6ROW_EMD-4975_E	6ROW_EMD-4975_E	24	1
6ROW_EMD-4975_G	6ROW_EMD-4975_G	7	1
6RRT_EMD-4990_A	6RRT_EMD-4990_A	6	1
6S2F_EMD-10089_A	6S2F_EMD-10089_A	45	1
6S2F_EMD-10089_B	6S2F_EMD-10089_B	17	1
6S2F_EMD-10089_D	6S2F_EMD-10089_D	9	1
6SB5_EMD-10135_A	6SB5_EMD-10135_A	31	1
6SH5_EMD-10194_A	6SH5_EMD-10194_A	14	1
6SIH_EMD-10210_A	9GSX_EMD-51557_W	40	2
6SKM_EMD-10228_A	6SKM_EMD-10228_A	2	9
6SO3_EMD-7029_A	6SO3_EMD-7029_A	22	1
6SO3_EMD-7029_B	6SO3_EMD-7029_B	27	1
6SO3_EMD-7029_C	6SO3_EMD-7029_C	4	1
6T6V_EMD-10387_A	6T6V_EMD-10387_A	7	1
6TML_EMD-10525_AB	6TML_EMD-10525_AB	1	1
6TML_EMD-10525_AC	6TML_EMD-10525_AC	1	1
6TML_EMD-10525_AI	6TML_EMD-10525_AI	1	1
6TMW_EMD-10529_A	6TMX_EMD-10530_A	26	2
6TY3_EMD-10615_A	6TY4_EMD-10616_A	29	2
6U68_EMD-20662_A	6U68_EMD-20662_A	12	6
6UBY_EMD-20721_I	6UBY_EMD-20721_I	14	1
6UVT_EMD-20916_A	6UVT_EMD-20916_A	3	1
6UXV_EMD-20933_B	6UXV_EMD-20933_B	4	1
6UXV_EMD-20933_C	6UXV_EMD-20933_C	8	1
6UXV_EMD-20933_D	6UXV_EMD-20933_D	1	1
6UXV_EMD-20933_H	6UXV_EMD-20933_H	3	1
6UZC_EMD-20956_A	6UZC_EMD-20956_A	29	1
6V86_EMD-21096_A	6V86_EMD-21096_A	33	1
6VAB_EMD-21135_A	6VAB_EMD-21135_A	12	2
6VE4_EMD-21154_A	6VE4_EMD-21154_A	14	1
6VEJ_EMD-21363_A	6VEJ_EMD-21363_A	37	1
6VFJ_EMD-21174_A	6VFJ_EMD-21174_A	7	1
6VM1_EMD-21235_A	6VM1_EMD-21235_A	30	5
6VM1_EMD-21235_D	6VM1_EMD-21235_D	26	5
6VMG_EMD-21241_A	6VMG_EMD-21241_A	23	1
6VMG_EMD-21241_B	6VMG_EMD-21241_B	21	1
6VMG_EMD-21241_C	6VMG_EMD-21241_C	23	1
6VMG_EMD-21241_D	6VMG_EMD-21241_D	19	1
6VMG_EMD-21241_E	6VMG_EMD-21241_E	24	1
6VMG_EMD-21241_F	6VMG_EMD-21241_F	23	1
6VY0_EMD-21454_A	6VY0_EMD-21454_A	8	1
6VY1_EMD-21455_A	6VY1_EMD-21455_A	4	1
6VYV_EMD-21473_A	6VYV_EMD-21473_A	30	1
6VYV_EMD-21473_E	6VYV_EMD-21473_E	34	1
6VYV_EMD-21473_I	6VYV_EMD-21473_I	26	3
6VYV_EMD-21473_J	6VYV_EMD-21473_J	27	4
6W09_EMD-21496_A	6W09_EMD-21496_A	39	1
6W09_EMD-21496_E	6W09_EMD-21496_E	31	1
6W09_EMD-21496_Q	6W09_EMD-21496_Q	2	1
6W19_EMD-21504_A	6W19_EMD-21504_A	61	1
6W1C_EMD-21509_A	6W1C_EMD-21509_A	33	2
6W2U_EMD-21532_E	6W2U_EMD-21532_E	33	2
6W4O_EMD-21535_M	6W4O_EMD-21535_A	6	4
6WC7_EMD-21602_A	6WC7_EMD-21602_A	2	1
6WJD_EMD-21691_A	7QY7_EMD-14209_G	15	4
6WJD_EMD-21691_B	6WJD_EMD-21691_B	17	4
6WJD_EMD-21691_I	7QYA_EMD-14210_C	15	4
6WJD_EMD-21691_J	6WJD_EMD-21691_J	14	4
6WJD_EMD-21691_K	7QYA_EMD-14210_E	12	4
6WJD_EMD-21691_L	7QY7_EMD-14209_F	14	3
6WJD_EMD-21691_Y	6WJN_EMD-21696_Q	12	3
6WJF_EMD-21692_A	9DW7_EMD-47237_A	23	5
6WJF_EMD-21692_C	6WJF_EMD-21692_C	21	2
6WJN_EMD-21696_T	6WJN_EMD-21696_T	14	1
6WJN_EMD-21696_U	6WJN_EMD-21696_U	8	1
6WJN_EMD-21696_V	6WJN_EMD-21696_V	2	1
6WJN_EMD-21696_W	6WJN_EMD-21696_W	4	1
6WJN_EMD-21696_X	6WJN_EMD-21696_X	3	1
6WJN_EMD-21696_Y	6WJN_EMD-21696_Y	1	1
6WKK_EMD-21695_A	6WKK_EMD-21695_A	15	1
6WKK_EMD-21695_G	6WKK_EMD-21695_G	12	1
6WOV_EMD-21862_A	6WOV_EMD-21862_A	93	1
6X34_EMD-22017_B	6X34_EMD-22017_B	115	1
6X36_EMD-22019_A	7JMG_EMD-22393_E	126	12
6X36_EMD-22019_B	6X36_EMD-22019_B	102	1
6XE6_EMD-22144_A	6XE6_EMD-22144_A	8	1
6XF8_EMD-22166_B	6XF8_EMD-22166_B	41	2
6XF8_EMD-22166_F	6ZTZ_EMD-22166_C	43	2
6XF8_EMD-22166_G	6ZTZ_EMD-22166_B	34	3
6XF8_EMD-22166_I	6XF8_EMD-22166_I	18	1
6XJX_EMD-22216_B	6XJX_EMD-22216_B	2	1
6XKW_EMD-22227_D	6XKW_EMD-22227_D	9	1
6XKW_EMD-22227_E	6XKW_EMD-22227_E	10	1
6XOW_EMD-22282_A	6XOW_EMD-22282_A	35	1
6XPF_EMD-22287_A	6XPF_EMD-22287_A	4	1
6XRE_EMD-22294_A	6XRE_EMD-22294_A	52	1
6XRE_EMD-22294_B	6XRE_EMD-22294_B	61	1
6XRE_EMD-22294_C	6XRE_EMD-22294_C	12	1
6XRE_EMD-22294_D	6XRE_EMD-22294_D	3	1
6XRE_EMD-22294_E	6XRE_EMD-22294_E	13	1
6XRE_EMD-22294_F	6XRE_EMD-22294_F	4	1
6XRE_EMD-22294_G	6XRE_EMD-22294_G	16	1
6XRE_EMD-22294_H	6XRE_EMD-22294_H	12	1
6XRE_EMD-22294_I	6XRE_EMD-22294_I	8	1
6XRE_EMD-22294_K	6XRE_EMD-22294_K	4	1
6XRE_EMD-22294_L	6XRE_EMD-22294_L	2	1
6XRE_EMD-22294_M	6XRE_EMD-22294_M	10	1
6XTY_EMD-10621_A	6XTY_EMD-10621_A	7	1
6XTY_EMD-10621_B	6XTY_EMD-10621_B	7	1
6XTY_EMD-10621_C	6XTY_EMD-10621_C	3	1
6XTY_EMD-10621_D	6XTY_EMD-10621_D	5	1
6XTY_EMD-10621_E	6XTY_EMD-10621_E	22	1
6XTY_EMD-10621_F	6XTY_EMD-10621_F	25	1
6XTY_EMD-10621_G	6XTY_EMD-10621_G	25	1
6XTY_EMD-10621_H	6XTY_EMD-10621_H	25	1
6Y92_EMD-10732_A	6Y92_EMD-10732_A	2	1
6Y92_EMD-10732_B	6Y92_EMD-10732_B	2	1
6Y92_EMD-10732_C	6Y92_EMD-10732_C	17	1
6Y9V_EMD-10738_G	6Y9V_EMD-10738_G	2	4
6YRG_EMD-10889_A	6YRG_EMD-10889_A	43	2
6YVD_EMD-10944_A	6YVU_EMD-10951_C	7	3
6YVD_EMD-10944_B	6YVD_EMD-10944_B	7	1
6YVD_EMD-10944_D	6YVU_EMD-10951_B	25	3
6YVU_EMD-10951_A	6YVU_EMD-10951_A	22	3
6Z05_EMD-11003_A	6Z05_EMD-11003_A	29	1
6Z12_EMD-4460_A	6Z12_EMD-4460_A	33	1
6Z2K_EMD-11042_E	6Z2K_EMD-11042_E	14	1
6Z2K_EMD-11042_I	6Z2K_EMD-11042_I	16	1
6Z3W_EMD-11058_G	6Z3W_EMD-11058_G	6	1
6Z3W_EMD-11058_H	6Z3W_EMD-11058_H	7	1
6Z3W_EMD-11058_I	6Z3W_EMD-11058_I	11	1
6Z47_EMD-11069_A	6Z47_EMD-11069_A	24	1
6Z47_EMD-11069_C	6Z47_EMD-11069_C	4	2
6Z47_EMD-11069_E	9SZR_EMD-55382_E	6	2
6ZD0_EMD-11172_A	6ZD0_EMD-11172_A	27	1
6ZD0_EMD-11172_B	6ZD0_EMD-11172_B	6	1
6ZGA_EMD-11199_A	6ZGA_EMD-11199_A	38	1
6ZGA_EMD-11199_B	6ZGA_EMD-11199_B	37	1
6ZGA_EMD-11199_C	6ZGA_EMD-11199_C	8	2
6ZIU_EMD-11230_C	6ZIU_EMD-11230_C	7	1
6ZJN_EMD-11237_H	6ZJN_EMD-11237_H	4	2
6ZJN_EMD-11237_J	6ZJN_EMD-11237_J	2	2
6ZJN_EMD-11237_K	6ZJN_EMD-11237_K	2	1
6ZJN_EMD-11237_L	6ZJY_EMD-11238_L	5	2
6ZJN_EMD-11237_M	6ZJY_EMD-11238_M	9	2
6ZJN_EMD-11237_N	6ZJN_EMD-11237_N	6	2
6ZM1_EMD-11277_A	6ZM1_EMD-11277_A	17	1
6ZM1_EMD-11277_B	6ZM1_EMD-11277_B	79	1
6ZNN_EMD-11318_H	9HHL_EMD-52171_U	22	2
6ZNN_EMD-11318_I	9HHL_EMD-52171_W	25	3
6ZNO_EMD-11319_H	9DGT_EMD-46847_V	24	3
6ZPH_EMD-11339_B	7RYP_EMD-24744_A	21	3
6ZQW_EMD-11372_A	6ZQW_EMD-11372_A	35	1
6ZQW_EMD-11372_B	6ZQW_EMD-11372_B	7	1
6ZTZ_EMD-22166_D	6XF8_EMD-22166_A	89	2
7AL3_EMD-11815_A	7AL3_EMD-11815_A	17	1
7AL3_EMD-11815_B	7AL3_EMD-11815_B	13	1
7AL3_EMD-11815_C	7AL3_EMD-11815_C	21	1
7AO8_EMD-11837_A	7AO8_EMD-11837_A	9	2
7AO8_EMD-11837_B	7AO8_EMD-11837_B	16	2
7AO8_EMD-11837_D	7AO8_EMD-11837_D	9	2
7AOD_EMD-11841_A	7AOD_EMD-11841_A	57	1
7AOD_EMD-11841_B	7AOD_EMD-11841_B	69	1
7AOD_EMD-11841_C	7AOD_EMD-11841_C	16	1
7AOD_EMD-11841_E	7AOD_EMD-11841_E	11	1
7AOD_EMD-11841_F	7AOD_EMD-11841_F	2	1
7AOD_EMD-11841_G	7AOD_EMD-11841_G	14	1
7AOD_EMD-11841_H	7AOD_EMD-11841_H	15	1
7AOD_EMD-11841_I	7AOD_EMD-11841_I	5	1
7AOD_EMD-11841_J	7AOD_EMD-11841_J	1	1
7AOD_EMD-11841_K	7AOD_EMD-11841_K	6	1
7AOD_EMD-11841_L	7AOD_EMD-11841_L	6	1
7AQO_EMD-11871_A	7AQO_EMD-11871_A	12	1
7AQO_EMD-11871_C	7AQO_EMD-11871_C	1	1
7AQO_EMD-11871_J	7AQO_EMD-11871_J	1	1
7B6H_EMD-12054_A	7B6H_EMD-12054_A	9	3
7B6R_EMD-12056_C	7B6R_EMD-12056_C	4	1
7B6R_EMD-12056_D	7B6R_EMD-12056_D	4	1
7B6R_EMD-12056_E	7B6R_EMD-12056_E	5	1
7B6R_EMD-12056_F	7B6R_EMD-12056_F	16	1
7B6R_EMD-12056_G	7B6R_EMD-12056_G	6	1
7B6R_EMD-12056_H	7B6R_EMD-12056_H	4	1
7B6R_EMD-12056_J	7B6R_EMD-12056_J	6	1
7BGJ_EMD-12181_A	7BGJ_EMD-12181_A	11	1
7BQT_EMD-30155_A	7BQT_EMD-30155_A	14	1
7BTR_EMD-30183_A	7BTR_EMD-30183_A	11	1
7BTR_EMD-30183_B	7BTR_EMD-30183_B	6	1
7BTR_EMD-30183_C	7BTR_EMD-30183_C	20	1
7BTR_EMD-30183_D	7BTR_EMD-30183_D	9	1
7BUA_EMD-30193_A	7BUA_EMD-30193_A	38	2
7BUA_EMD-30193_C	7BUA_EMD-30193_C	38	1
7BUA_EMD-30193_G	7BUA_EMD-30193_G	10	1
7BUA_EMD-30193_H	7BUA_EMD-30193_H	10	1
7BWA_EMD-30231_C	7BWA_EMD-30231_C	53	2
7BZW_EMD-30261_A	7BZW_EMD-30261_A	2	1
7CA3_EMD-30323_A	7CA3_EMD-30323_A	24	2
7CA3_EMD-30323_B	7CA3_EMD-30323_B	26	2
7CCS_EMD-30341_A	7CCS_EMD-30341_A	20	1
7CCS_EMD-30341_B	7CCS_EMD-30341_B	6	1
7CG3_EMD-30349_A	7CG3_EMD-30349_A	17	1
7CTF_EMD-30463_A	7CTF_EMD-30463_A	3	2
7CTF_EMD-30463_B	7CTF_EMD-30463_B	9	2
7CTF_EMD-30463_C	7CTF_EMD-30463_C	12	2
7CTF_EMD-30463_D	7CTF_EMD-30463_D	8	2
7CTF_EMD-30463_E	7CTF_EMD-30463_E	7	2
7D7N_EMD-30609_A	7D7N_EMD-30609_A	15	1
7DCX_EMD-30641_A	7DD2_EMD-30642_C	69	3
7DCX_EMD-30641_E	7DD2_EMD-30642_D	76	3
7DGQ_EMD-30673_AA	7DGQ_EMD-30673_AA	1	1
7DGQ_EMD-30673_IA	7DGQ_EMD-30673_IA	1	1
7DGQ_EMD-30673_IB	7DGQ_EMD-30673_IB	1	1
7DGQ_EMD-30673_J	7DGQ_EMD-30673_J	1	1
7DGQ_EMD-30673_K	7DGQ_EMD-30673_K	1	1
7DGQ_EMD-30673_O	7DGQ_EMD-30673_O	1	3
7DGQ_EMD-30673_X	7DGQ_EMD-30673_X	1	1
7DGR_EMD-30674_AA	7DGR_EMD-30674_AA	1	2
7DGR_EMD-30674_RB	7DGR_EMD-30674_RB	1	1
7DGR_EMD-30674_SB	7DGR_EMD-30674_SB	1	2
7DGR_EMD-30674_TB	7DGR_EMD-30674_TB	1	2
7DGS_EMD-30675_U	7DGS_EMD-30675_U	1	1
7DNK_EMD-30786_A	7DNK_EMD-30786_A	36	1
7DNK_EMD-30786_B	7DNK_EMD-30786_B	37	1
7DNK_EMD-30786_C	7DNK_EMD-30786_C	36	1
7E55_EMD-30990_A	7E55_EMD-30990_A	14	5
7E6U_EMD-30997_B	7E6U_EMD-30997_B	10	1
7E81_EMD-31007_A	7E81_EMD-31007_A	1	1
7E8H_EMD-31019_B	7E8H_EMD-31019_A	9	2
7E8H_EMD-31019_D	7E8H_EMD-31019_D	7	1
7E8H_EMD-31019_E	7E8H_EMD-31019_C	9	2
7E93_EMD-31027_A	7E93_EMD-31027_A	8	2
7E93_EMD-31027_B	7E94_EMD-31028_B	8	2
7E93_EMD-31027_C	7E93_EMD-31027_C	5	2
7E93_EMD-31027_D	7E93_EMD-31027_D	5	2
7E93_EMD-31027_E	7E93_EMD-31027_E	7	2
7E93_EMD-31027_G	7E93_EMD-31027_G	7	2
7E93_EMD-31027_H	7E94_EMD-31028_H	6	2
7E93_EMD-31027_I	7E94_EMD-31028_I	39	2
7E93_EMD-31027_J	7E94_EMD-31028_J	42	2
7E93_EMD-31027_K	7E93_EMD-31027_K	22	2
7ETM_EMD-31299_A	7ETM_EMD-31299_A	15	2
7EWR_EMD-31363_A	7EWR_EMD-31363_A	19	1
7EWR_EMD-31363_B	7EWR_EMD-31363_B	14	1
7EWR_EMD-31363_C	7EWR_EMD-31363_C	4	1
7EYQ_EMD-31384_A	7EYQ_EMD-31384_A	32	2
7F46_EMD-31444_C	7F46_EMD-31444_C	16	1
7F9O_EMD-31498_A	7F9O_EMD-31498_A	17	1
7F9O_EMD-31498_B	7F9O_EMD-31498_B	11	1
7F9O_EMD-31498_C	7F9O_EMD-31498_C	4	1
7F9O_EMD-31498_D	7F9O_EMD-31498_D	11	1
7F9O_EMD-31498_E	7F9O_EMD-31498_E	5	1
7F9O_EMD-31498_F	7F9O_EMD-31498_F	4	1
7F9O_EMD-31498_J	7F9O_EMD-31498_J	1	1
7F9O_EMD-31498_K	7F9O_EMD-31498_K	2	1
7F9O_EMD-31498_L	7F9O_EMD-31498_L	2	1
7F9O_EMD-31498_M	7F9O_EMD-31498_M	2	1
7F9O_EMD-31498_O	7F9O_EMD-31498_O	5	1
7F9O_EMD-31498_P	7F9O_EMD-31498_P	2	1
7F9O_EMD-31498_Q	7F9O_EMD-31498_Q	6	1
7F9O_EMD-31498_S	7F9O_EMD-31498_S	13	1
7F9O_EMD-31498_T	7F9O_EMD-31498_T	3	1
7F9O_EMD-31498_U	7F9O_EMD-31498_U	10	1
7F9O_EMD-31498_V	7F9O_EMD-31498_V	12	1
7F9O_EMD-31498_X	7F9O_EMD-31498_X	4	1
7F9O_EMD-31498_Y	7F9O_EMD-31498_Y	5	1
7FDB_EMD-31539_Q	7FDB_EMD-31539_Q	16	2
7FDC_EMD-31540_A	7FDB_EMD-31539_A	33	2
7FDC_EMD-31540_B	7FDB_EMD-31539_B	28	2
7FDC_EMD-31540_G	7FDB_EMD-31539_G	4	2
7FDC_EMD-31540_M	7FDB_EMD-31539_M	4	2
7FDC_EMD-31540_N	7FDC_EMD-31540_N	9	2
7FDC_EMD-31540_O	7FDB_EMD-31539_O	11	2
7FIF_EMD-31595_A	7FIF_EMD-31595_A	5	1
7FJ3_EMD-31612_A	7FJ3_EMD-31612_A	64	1
7FJ3_EMD-31612_F	7FJ3_EMD-31612_F	1	1
7JGF_EMD-22325_A	7JGF_EMD-22325_A	2	1
7JGJ_EMD-22328_A	7JGJ_EMD-22328_A	73	1
7JLX_EMD-22383_A	7JLX_EMD-22383_A	5	1
7JPU_EMD-22423_A	7JPU_EMD-22423_A	96	1
7JTI_EMD-22474_B	7JTI_EMD-22474_B	13	1
7JTI_EMD-22474_C	7JTI_EMD-22474_C	14	1
7JTI_EMD-22474_D	7JTI_EMD-22474_D	15	1
7K08_EMD-22589_A	7K08_EMD-22589_A	16	1
7K1V_EMD-22630_A	7K1V_EMD-22630_A	13	1
7K2V_EMD-22647_A	7K2V_EMD-22647_A	14	1
7K5B_EMD-22679_L	7MOQ_EMD-23926_L	5	3
7K5B_EMD-22679_M	7KEK_EMD-22840_Q	7	3
7K5B_EMD-22679_R	7K5B_EMD-22679_R	2	1
7K9L_EMD-22754_A	7K9L_EMD-22754_A	12	1
7KEK_EMD-22840_A	7K5B_EMD-22679_A	94	3
7KEK_EMD-22840_C	7KEK_EMD-22840_C	130	2
7KEK_EMD-22840_D	7K5B_EMD-22679_B	84	3
7KEK_EMD-22840_I	7K5B_EMD-22679_N	4	3
7KEK_EMD-22840_J	7KEK_EMD-22840_J	5	3
7KEK_EMD-22840_K	7K5B_EMD-22679_E	37	3
7KEK_EMD-22840_M	7K5B_EMD-22679_P	4	2
7KS0_EMD-23014_A	7KS3_EMD-23015_A	39	2
7KS0_EMD-23014_B	7KS3_EMD-23015_B	38	2
7KTP_EMD-23025_A	7KTP_EMD-23025_A	22	1
7KTP_EMD-23025_B	7KTP_EMD-23025_B	29	1
7KTP_EMD-23025_C	7KTP_EMD-23025_C	20	1
7KTP_EMD-23025_D	7KTP_EMD-23025_D	29	1
7KTV_EMD-23031_A	7KTV_EMD-23031_A	2	1
7KVC_EMD-23046_A	7KVC_EMD-23046_A	11	2
7KZM_EMD-23082_DA	7KZM_EMD-23082_DA	1	1
7KZM_EMD-23082_R	7KZM_EMD-23082_R	1	1
7KZM_EMD-23082_S	7KZM_EMD-23082_S	1	1
7KZM_EMD-23082_Y	9E23_EMD-47430_D	34	5
7L0S_EMD-23102_A	7L0S_EMD-23102_A	10	1
7L0S_EMD-23102_B	7L0S_EMD-23102_B	29	1
7L6N_EMD-23206_A	7L6N_EMD-23206_A	21	1
7LGG_EMD-23323_A	7LGE_EMD-23321_A	8	3
7LHH_EMD-23340_C	7LHH_EMD-23340_C	64	1
7LHH_EMD-23340_D	7LHH_EMD-23340_D	18	1
7LHI_EMD-23341_C	7LHI_EMD-23341_C	53	1
7LHI_EMD-23341_D	7LHI_EMD-23341_D	20	1
7LRG_EMD-23497_G	7LRG_EMD-23497_G	10	1
7LUM_EMD-23522_A	7LUP_EMD-23526_A	25	2
7LUM_EMD-23522_C	7LUM_EMD-23522_C	30	3
7LUM_EMD-23522_E	7LUM_EMD-23522_E	25	2
7LUM_EMD-23522_G	7LUP_EMD-23526_G	26	2
7LUM_EMD-23522_I	7X6Q_EMD-33025_E	29	3
7LUM_EMD-23522_K	7LUP_EMD-23526_K	30	3
7LUM_EMD-23522_M	7LUM_EMD-23522_M	25	3
7LUM_EMD-23522_O	7LUP_EMD-23526_O	24	3
7LZ6_EMD-23603_A	7LZ6_EMD-23603_A	18	1
7LZ6_EMD-23603_C	7LZ6_EMD-23603_C	21	1
7LZ6_EMD-23603_D	7LZ6_EMD-23603_D	19	1
7MBZ_EMD-23751_D	7MBZ_EMD-23751_D	12	1
7MH0_EMD-23832_A	7MH0_EMD-23832_A	26	1
7MOB_EMD-23923_A	7MOB_EMD-23923_A	15	1
7MOB_EMD-23923_C	7MOB_EMD-23923_C	38	1
7MOC_EMD-23924_A	7MP5_EMD-23929_A	18	3
7MOQ_EMD-23926_A	7K5B_EMD-22679_C	130	3
7MOQ_EMD-23926_D	7K5B_EMD-22679_D	42	3
7MOQ_EMD-23926_F	7K5B_EMD-22679_F	5	3
7MOQ_EMD-23926_G	7K5B_EMD-22679_G	5	3
7MOQ_EMD-23926_H	7KEK_EMD-22840_F	6	3
7MOQ_EMD-23926_I	7KEK_EMD-22840_E	39	3
7MOQ_EMD-23926_J	7MOQ_EMD-23926_J	5	3
7MOQ_EMD-23926_K	7MOQ_EMD-23926_K	6	3
7MOQ_EMD-23926_P	7MOQ_EMD-23926_P	5	1
7MOQ_EMD-23926_Q	7MOQ_EMD-23926_Q	19	2
7MOQ_EMD-23926_R	7MOQ_EMD-23926_R	20	1
7N85_EMD-24232_Q	7N85_EMD-24232_Q	6	1
7N85_EMD-24232_R	7N85_EMD-24232_R	4	1
7N85_EMD-24232_U	7N85_EMD-24232_U	8	1
7N85_EMD-24232_Y	7N85_EMD-24232_Y	31	1
7N85_EMD-24232_Z	7N85_EMD-24232_Z	41	1
7NBX_EMD-12262_A	7RI8_EMD-24477_A	61	13
7NBX_EMD-12262_B	8QPU_EMD-18562_B	41	11
7NBX_EMD-12262_E	7RI9_EMD-24478_E	10	10
7NCS_EMD-12271_C	8QPU_EMD-18562_F	4	2
7NDG_EMD-12286_A	7NDG_EMD-12286_A	30	1
7NDG_EMD-12286_B	7NDG_EMD-12286_B	25	1
7NDG_EMD-12286_C	7NDG_EMD-12286_C	14	1
7NDG_EMD-12286_D	7NDG_EMD-12286_D	30	1
7NH1_EMD-12318_A	7NH1_EMD-12318_A	20	2
7NPV_EMD-12522_G	7NPV_EMD-12522_G	2	1
7NSU_EMD-12577_A	7NSU_EMD-12577_A	24	1
7NSU_EMD-12577_D	7NSU_EMD-12577_D	17	1
7NSU_EMD-12577_E	7NSU_EMD-12577_E	30	1
7NSU_EMD-12577_F	7NSU_EMD-12577_F	41	1
7NTF_EMD-12588_A	7NTF_EMD-12588_A	19	1
7NYY_EMD-12658_A	7NYY_EMD-12658_A	26	1
7NYY_EMD-12658_C	7NYY_EMD-12658_C	10	1
7NYY_EMD-12658_E	7NYY_EMD-12658_E	8	1
7NYY_EMD-12658_G	7NYY_EMD-12658_G	2	1
7O17_EMD-12692_A	7O17_EMD-12692_A	42	1
7O17_EMD-12692_B	7O17_EMD-12692_B	16	1
7O41_EMD-12715_A	7O41_EMD-12715_A	35	1
7O41_EMD-12715_B	7O41_EMD-12715_B	32	1
7O41_EMD-12715_D	7O41_EMD-12715_D	7	1
7OA6_EMD-12766_A	7OA6_EMD-12766_A	8	1
7OGT_EMD-12887_A	7OGT_EMD-12887_A	8	1
7OGT_EMD-12887_B	7OGT_EMD-12887_B	9	1
7OH1_EMD-12891_A	7OH1_EMD-12891_A	42	1
7OU2_EMD-13073_A	7OU2_EMD-13073_A	28	1
7OVQ_EMD-13087_A	9EK3_EMD-52060_A	5	4
7OWG_EMD-13097_B	7OWG_EMD-13097_B	11	1
7P3N_EMD-13181_A	7P3N_EMD-13181_A	26	1
7P3N_EMD-13181_D	7P3N_EMD-13181_D	21	1
7PD4_EMD-13330_A	7PDE_EMD-13335_A	19	2
7PDE_EMD-13335_B	7PDE_EMD-13335_B	8	1
7PE3_EMD-13346_A	7PE3_EMD-13346_A	8	1
7PG0_EMD-13385_A	7SL4_EMD-25191_A	76	15
7PIM_EMD-13442_A	7PIM_EMD-13442_A	9	1
7PIM_EMD-13442_B	7PIM_EMD-13442_B	9	1
7PTT_EMD-13637_A	7PTT_EMD-13637_A	60	1
7PTY_EMD-13643_A	7PTY_EMD-13643_A	11	1
7Q4V_EMD-13818_A	7Q4V_EMD-13818_A	26	1
7Q4V_EMD-13818_B	7Q4V_EMD-13818_B	26	1
7Q4V_EMD-13818_C	7Q4V_EMD-13818_C	5	1
7Q55_EMD-13826_A	7Q55_EMD-13826_A	22	2
7Q55_EMD-13826_B	7Q56_EMD-13827_B	25	2
7QCD_EMD-13895_A	7QCD_EMD-13895_A	29	9
7QCD_EMD-13895_B	7QCD_EMD-13895_B	29	9
7QCD_EMD-13895_C	8I4U_EMD-35184_C	9	9
7QCD_EMD-13895_D	7YQH_EMD-34025_F	15	2
7QCD_EMD-13895_E	7QCD_EMD-13895_E	6	2
7QCD_EMD-13895_F	8T8F_EMD-41098_E	16	4
7QE5_EMD-13930_B	7QE5_EMD-13930_B	11	1
7QIN_EMD-13991_L	7QIN_EMD-13991_L	28	1
7QJ0_EMD-14005_G	8VRJ_EMD-43482_Q	16	8
7QJ0_EMD-14005_J	7QJ3_EMD-14008_N	6	6
7QO3_EMD-14082_D	7QO3_EMD-14082_D	14	3
7QO3_EMD-14082_E	7QO6_EMD-14085_E	12	3
7QO3_EMD-14082_F	7QO5_EMD-14084_F	14	3
7QO3_EMD-14082_G	7QO3_EMD-14082_G	12	3
7QO4_EMD-14083_H	7QO4_EMD-14083_H	16	1
7QO4_EMD-14083_I	6WJD_EMD-21691_S	13	4
7QO5_EMD-14084_H	7QO5_EMD-14084_H	15	2
7QO5_EMD-14084_I	7QO5_EMD-14084_I	12	2
7QO6_EMD-14085_A	7QO3_EMD-14082_A	11	3
7QO6_EMD-14085_B	7QO3_EMD-14082_B	16	3
7QO6_EMD-14085_C	7QO3_EMD-14082_C	14	3
7QO6_EMD-14085_J	7QO6_EMD-14085_J	13	2
7QO6_EMD-14085_K	7QO6_EMD-14085_K	12	2
7QO6_EMD-14085_L	7QO5_EMD-14084_L	13	2
7QO6_EMD-14085_M	7QO6_EMD-14085_M	12	2
7QO6_EMD-14085_N	7QO5_EMD-14084_N	10	3
7QOO_EMD-14098_C	7QOO_EMD-14098_C	1	1
7QOO_EMD-14098_I	7QOO_EMD-14098_I	2	1
7QOO_EMD-14098_K	7QOO_EMD-14098_K	3	1
7QOO_EMD-14098_L	7QOO_EMD-14098_L	16	1
7QOO_EMD-14098_M	7QOO_EMD-14098_M	5	1
7QOO_EMD-14098_N	7QOO_EMD-14098_N	12	1
7QY7_EMD-14209_B	6WJD_EMD-21691_H	14	4
7QY7_EMD-14209_J	6WJD_EMD-21691_D	10	4
7QY7_EMD-14209_K	6WJN_EMD-21696_E	13	4
7QY7_EMD-14209_L	6WJD_EMD-21691_F	15	4
7QY7_EMD-14209_M	7QYA_EMD-14210_M	13	3
7QY7_EMD-14209_N	7QY7_EMD-14209_N	16	3
7QY7_EMD-14209_P	6WJD_EMD-21691_P	15	3
7QY7_EMD-14209_Q	6WJD_EMD-21691_Q	14	3
7QY7_EMD-14209_R	6WJD_EMD-21691_R	15	3
7QY7_EMD-14209_S	7QYA_EMD-14210_S	15	4
7QY7_EMD-14209_T	7QYA_EMD-14210_T	17	4
7QYA_EMD-14210_A	7QY7_EMD-14209_A	14	4
7QYA_EMD-14210_I	6WJD_EMD-21691_C	13	4
7QYA_EMD-14210_O	7QYA_EMD-14210_O	16	3
7QYA_EMD-14210_U	6WJN_EMD-21696_N	15	4
7QYA_EMD-14210_V	6WJN_EMD-21696_O	14	4
7QYA_EMD-14210_W	6WJN_EMD-21696_P	15	4
7QYA_EMD-14210_Z	7QYA_EMD-14210_Z	13	3
7R0C_EMD-14221_A	7R0C_EMD-14221_A	1	1
7R0C_EMD-14221_C	7R0C_EMD-14221_C	25	2
7R0C_EMD-14221_D	7R0C_EMD-14221_D	23	1
7RD8_EMD-24415_A	7RD8_EMD-24415_A	33	1
7RIT_EMD-23804_A	7RIT_EMD-23804_A	13	1
7RJ5_EMD-24481_E	8QPU_EMD-18562_C	8	2
7RMF_EMD-24566_A	7RMF_EMD-24566_A	25	3
7RUG_EMD-24705_A	7RUG_EMD-24705_A	2	1
7RWA_EMD-24712_A	7RWA_EMD-24712_A	2	1
7RWA_EMD-24712_B	7RWA_EMD-24712_B	1	1
7RYP_EMD-24744_B	7RYP_EMD-24744_B	1	1
7S64_EMD-24849_A	7S64_EMD-24849_A	92	1
7S9C_EMD-24932_A	7S9D_EMD-24933_A	15	2
7SIN_EMD-25145_A	7SIN_EMD-25145_A	32	2
7SOX_EMD-25362_A	7SOX_EMD-25362_A	12	1
7SQJ_EMD-25386_A	7SQJ_EMD-25386_A	32	1
7SQK_EMD-25387_A	7SQK_EMD-25387_A	1	1
7SQK_EMD-25387_C	7SQK_EMD-25387_C	3	1
7SQK_EMD-25387_D	7SQK_EMD-25387_D	2	1
7SQK_EMD-25387_E	7SQK_EMD-25387_E	4	1
7SQK_EMD-25387_F	7SQK_EMD-25387_F	2	1
7STI_EMD-25429_C	7STI_EMD-25429_C	2	3
7T17_EMD-25606_C	7T17_EMD-25606_C	38	1
7T54_EMD-25694_A	7T54_EMD-25694_A	20	1
7T8C_EMD-25744_A	7T8C_EMD-25744_A	28	1
7TDM_EMD-25834_B	7TDM_EMD-25834_B	11	3
7TDZ_EMD-25817_A	7WB4_EMD-32394_P	38	3
7TDZ_EMD-25817_C	7TDZ_EMD-25817_C	5	1
7TDZ_EMD-25817_D	7TDZ_EMD-25817_D	30	1
7TDZ_EMD-25817_E	7TDZ_EMD-25817_E	25	1
7TDZ_EMD-25817_Q	7TDZ_EMD-25817_Q	3	1
7TEE_EMD-25845_B	7TEQ_EMD-25849_B	38	4
7TKA_EMD-25962_A	7TK5_EMD-25957_A	30	27
7TKB_EMD-25963_W	7TKB_EMD-25963_W	3	7
7TKC_EMD-25964_V	7TK8_EMD-25960_V	2	8
7TKR_EMD-25979_X	7TKR_EMD-25979_X	1	1
7TKS_EMD-25980_T	7TK2_EMD-25954_T	2	8
7TNK_EMD-26012_A	8VJ7_EMD-43276_A	38	7
7TT7_EMD-26113_E	7RJ5_EMD-24481_A	45	2
7TW0_EMD-26146_A	7TW6_EMD-26153_A	25	5
7U0D_EMD-26256_B	6ZDG_EMD-11173_B	21	3
7U14_EMD-26277_A	7U14_EMD-26277_A	12	1
7U6F_EMD-24964_B	6VAC_EMD-21136_B	31	2
7UIF_EMD-26544_A	7UIF_EMD-26544_A	68	1
7UIF_EMD-26544_B	7UIF_EMD-26544_B	70	1
7UIF_EMD-26544_C	7UIF_EMD-26544_C	12	1
7UIF_EMD-26544_D	7UIF_EMD-26544_D	3	1
7UIF_EMD-26544_E	7UIF_EMD-26544_E	14	1
7UIF_EMD-26544_F	7UIF_EMD-26544_F	5	1
7UIF_EMD-26544_G	7UIF_EMD-26544_G	15	1
7UIF_EMD-26544_H	7UIF_EMD-26544_H	8	1
7UIF_EMD-26544_I	7UIF_EMD-26544_I	9	1
7UIF_EMD-26544_J	7UIF_EMD-26544_J	3	1
7UIF_EMD-26544_K	7UIF_EMD-26544_K	4	1
7UIF_EMD-26544_L	7UIF_EMD-26544_L	3	1
7UIF_EMD-26544_M	7UIF_EMD-26544_M	3	1
7UIF_EMD-26544_P	7UIF_EMD-26544_P	8	1
7UIF_EMD-26544_Q	7UIF_EMD-26544_Q	6	1
7UIF_EMD-26544_S	7UIF_EMD-26544_S	4	1
7UJJ_EMD-26563_A	7UJJ_EMD-26563_A	15	1
7UJJ_EMD-26563_B	7UJJ_EMD-26563_B	8	1
7UJJ_EMD-26563_C	7UJJ_EMD-26563_C	7	1
7UQR_EMD-26320_A	7UQR_EMD-26320_A	22	5
7UQR_EMD-26320_E	7U6Y_EMD-26308_E	35	5
7URR_EMD-26717_A	7URR_EMD-26717_A	4	1
7UTI_EMD-0729_Q	7UTI_EMD-0729_Q	18	1
7UTI_EMD-0729_U	7UTI_EMD-0729_U	4	1
7UUS_EMD-26802_A	7UUS_EMD-26802_A	25	1
7UUS_EMD-26802_B	7UUS_EMD-26802_B	22	1
7UY8_EMD-26867_A	7UY8_EMD-26867_A	6	1
7UY8_EMD-26867_B	7UY8_EMD-26867_B	25	1
7UY8_EMD-26867_C	7UY8_EMD-26867_C	11	1
7UY8_EMD-26867_D	7UY8_EMD-26867_D	7	1
7V6O_EMD-31744_A	7V6O_EMD-31744_A	61	1
7V6O_EMD-31744_D	8HC6_EMD-34653_C	24	3
7V6O_EMD-31744_E	7V6O_EMD-31744_E	19	1
7VAK_EMD-31845_A	7VAK_EMD-31845_A	35	1
7VAK_EMD-31845_D	7VAK_EMD-31845_D	31	1
7VAK_EMD-31845_G	7VAK_EMD-31845_G	2	1
7VAK_EMD-31845_H	7VAK_EMD-31845_H	4	1
7VAK_EMD-31845_J	7VAK_EMD-31845_J	4	1
7VGA_EMD-31966_C	7VGA_EMD-31966_C	15	1
7VH2_EMD-31984_A	7VH2_EMD-31984_A	42	1
7VI9_EMD-32004_A	7VII_EMD-32010_A	27	2
7VII_EMD-32010_H	7VII_EMD-32010_H	11	1
7VM2_EMD-32032_A	7VM2_EMD-32032_A	32	1
7VON_EMD-32051_A	7VON_EMD-32051_A	100	1
7VSR_EMD-32114_A	7VSR_EMD-32114_A	9	1
7VSR_EMD-32114_M	7VSR_EMD-32114_M	12	1
7VWX_EMD-32164_A	7VWX_EMD-32164_A	22	1
7VWX_EMD-32164_C	7VWX_EMD-32164_C	18	1
7WB4_EMD-32394_E	7WB4_EMD-32394_E	34	2
7WB4_EMD-32394_M	7WB4_EMD-32394_M	2	1
7WJI_EMD-32544_A	7WJI_EMD-32544_A	15	1
7WJI_EMD-32544_B	7WJI_EMD-32544_B	2	1
7WJI_EMD-32544_D	7WJI_EMD-32544_D	4	1
7WJI_EMD-32544_E	7WJI_EMD-32544_E	2	1
7WLU_EMD-32593_A	6LQI_EMD-0946_A	18	2
7WOW_EMD-32661_D	7WOW_EMD-32661_D	15	1
7WOW_EMD-32661_E	7WOW_EMD-32661_E	21	1
7WZ8_EMD-32906_A	7WZ8_EMD-32906_A	11	1
7WZN_EMD-32907_A	7WZN_EMD-32907_A	13	1
7WZN_EMD-32907_B	7WZN_EMD-32907_B	9	1
7WZN_EMD-32907_C	7WZN_EMD-32907_C	4	1
7WZN_EMD-32907_D	7WZN_EMD-32907_D	10	1
7WZN_EMD-32907_E	7WZN_EMD-32907_E	5	1
7WZN_EMD-32907_F	7WZN_EMD-32907_F	4	1
7WZN_EMD-32907_G	7WZN_EMD-32907_G	7	1
7X3K_EMD-32991_A	7X3K_EMD-32991_A	3	1
7X3K_EMD-32991_B	7X3K_EMD-32991_B	26	1
7X59_EMD-33012_A	7X59_EMD-33012_A	15	1
7XLC_EMD-31673_A	7XLC_EMD-31673_A	67	1
7XW7_EMD-33493_A	7XW7_EMD-33493_A	22	1
7XXL_EMD-33506_A	7XXL_EMD-33506_A	19	1
7XXL_EMD-33506_B	7XXL_EMD-33506_B	15	1
7XXL_EMD-33506_C	7XXL_EMD-33506_C	21	2
7XY3_EMD-33509_D	7XY3_EMD-33509_D	12	1
7Y59_EMD-33613_A	7Y59_EMD-33613_A	26	1
7Y5C_EMD-33616_A	7Y5C_EMD-33616_A	27	1
7Y5C_EMD-33616_D	7Y5C_EMD-33616_D	20	1
7Y5C_EMD-33616_G	7Y5C_EMD-33616_G	7	1
7Y5C_EMD-33616_H	7Y5C_EMD-33616_H	10	1
7Y5D_EMD-33617_A	7Y5D_EMD-33617_A	20	1
7Y5D_EMD-33617_B	7Y5D_EMD-33617_B	25	1
7Y5D_EMD-33617_C	7Y5D_EMD-33617_C	19	1
7Y5D_EMD-33617_D	7Y5D_EMD-33617_D	20	1
7Y5V_EMD-33626_B	7Y5V_EMD-33626_B	32	2
7Y5V_EMD-33626_C	7Y5V_EMD-33626_C	32	2
7YFM_EMD-33793_B	7YFO_EMD-33795_B	33	2
7YKK_EMD-32397_A	7YKT_EMD-32400_A	22	3
7YLU_EMD-33917_B	7YLU_EMD-33917_B	24	3
7YLU_EMD-33917_E	7YLU_EMD-33917_E	21	1
7YLU_EMD-33917_G	7YLU_EMD-33917_G	20	2
7YLU_EMD-33917_H	7YLU_EMD-33917_H	22	2
7YLU_EMD-33917_Q	7YLU_EMD-33917_Q	22	1
7YQH_EMD-34025_D	7YQH_EMD-34025_D	3	1
7YSJ_EMD-34076_A	7LVT_EMD-23542_A	38	2
7YU7_EMD-34101_B	7YU7_EMD-34101_B	28	2
7YUU_EMD-34111_A	7YUU_EMD-34111_A	19	1
7YV9_EMD-34121_A	8RBG_EMD-19031_A	29	3
7YV9_EMD-34121_B	8EP1_EMD-28498_B	30	6
7YZY_EMD-14399_A	7YZY_EMD-14399_A	24	1
7YZY_EMD-14399_B	7YZY_EMD-14399_B	2	1
7Z4A_EMD-14489_A	7Z4A_EMD-14489_A	6	1
7Z4A_EMD-14489_C	7Z4A_EMD-14489_C	20	1
7Z4A_EMD-14489_D	7Z4A_EMD-14489_D	20	1
7Z4A_EMD-14489_G	7Z4A_EMD-14489_G	18	1
7Z4A_EMD-14489_I	7Z4A_EMD-14489_I	22	1
7Z4Y_EMD-14510_A	7Z4Y_EMD-14510_A	3	1
7Z4Y_EMD-14510_B	7Z4Y_EMD-14510_B	31	1
7ZHS_EMD-14736_A	7ZHS_EMD-14736_A	19	1
7ZKB_EMD-14761_A	7ZKB_EMD-14761_A	26	2
7ZNN_EMD-14812_A	7ZNN_EMD-14812_A	77	1
7ZNN_EMD-14812_B	7ZNN_EMD-14812_B	4	1
7ZSK_EMD-14945_A	7ZSK_EMD-14945_A	76	1
8A61_EMD-15201_A	8A5Y_EMD-15199_A	15	2
8A61_EMD-15201_H	8A61_EMD-15201_H	2	1
8A61_EMD-15201_I	8A5Y_EMD-15199_I	5	2
8A61_EMD-15201_J	8A5Y_EMD-15199_J	2	2
8A61_EMD-15201_N	8A5Y_EMD-15199_N	2	2
8A61_EMD-15201_O	8A5Y_EMD-15199_O	6	2
8A61_EMD-15201_Q	8A5Y_EMD-15199_Q	32	2
8A6J_EMD-15209_A	8A41_EMD-15134_A	42	3
8A7E_EMD-15221_A	8A7E_EMD-15221_A	1	1
8A8N_EMD-15234_A	8A8N_EMD-15234_A	9	1
8AFM_EMD-15402_C	8AFM_EMD-15402_C	10	3
8AFX_EMD-15411_A	8AFX_EMD-15411_A	31	1
8ATX_EMD-15668_A	8AUW_EMD-15675_A	90	3
8AUK_EMD-15672_C	8AUK_EMD-15672_C	13	1
8AUW_EMD-15675_C	8AUW_EMD-15675_C	1	1
8AVC_EMD-15678_A	8AVC_EMD-15678_A	1	3
8AVC_EMD-15678_B	8DH8_EMD-27432_A	66	3
8AVE_EMD-15680_B	8AVF_EMD-15681_B	58	3
8AVO_EMD-15683_A	8AVO_EMD-15683_A	1	1
8AY4_EMD-15710_A	8AY4_EMD-15710_A	21	2
8AY4_EMD-15710_B	8AY4_EMD-15710_B	19	2
8AY4_EMD-15710_C	8AY4_EMD-15710_C	16	2
8B40_EMD-15835_A	8B40_EMD-15835_A	26	2
8B42_EMD-15837_A	8B42_EMD-15837_A	24	1
8B5R_EMD-15861_A	7Y59_EMD-33613_E	29	5
8B5R_EMD-15861_I	8B5R_EMD-15861_I	1	1
8B6L_EMD-15870_A	8B6L_EMD-15870_A	8	1
8B6L_EMD-15870_E	8B6L_EMD-15870_E	8	1
8B6L_EMD-15870_F	8B6L_EMD-15870_F	11	1
8B6L_EMD-15870_H	8B6L_EMD-15870_H	8	1
8B6L_EMD-15870_I	8B6L_EMD-15870_I	16	1
8B6L_EMD-15870_J	8B6L_EMD-15870_J	2	1
8B6L_EMD-15870_L	8B6L_EMD-15870_L	1	1
8B6L_EMD-15870_N	8B6L_EMD-15870_N	30	1
8B6L_EMD-15870_O	8B6L_EMD-15870_O	36	1
8B6L_EMD-15870_P	8B6L_EMD-15870_P	28	1
8BBF_EMD-15955_A	8BBF_EMD-15955_A	60	1
8BBF_EMD-15955_B	8BBF_EMD-15955_B	65	1
8BBF_EMD-15955_C	8BBF_EMD-15955_C	15	1
8BXD_EMD-16315_A	8BXD_EMD-16315_A	18	1
8C0W_EMD-16373_A	8C0W_EMD-16373_A	42	1
8C0W_EMD-16373_B	8C0W_EMD-16373_B	26	1
8C50_EMD-16431_A	8C50_EMD-16431_A	42	1
8CO6_EMD-16772_A	8COA_EMD-16774_A	41	2
8CO6_EMD-16772_D	8CO6_EMD-16772_D	14	2
8CRB_EMD-16807_A	8CRB_EMD-16807_A	20	1
8CRB_EMD-16807_B	8CRB_EMD-16807_B	19	1
8CRB_EMD-16807_C	8CRB_EMD-16807_C	2	1
8CTJ_EMD-26992_A	8CTJ_EMD-26992_A	12	1
8DAN_EMD-27271_C	8DAN_EMD-27271_C	23	1
8DDW_EMD-27344_A	9N1I_EMD-48813_A	24	2
8DEC_EMD-27389_A	8DEC_EMD-27389_A	38	2
8DEC_EMD-27389_B	8DAN_EMD-27271_B	36	2
8DEQ_EMD-27395_A	8DEQ_EMD-27395_A	33	1
8DEQ_EMD-27395_H	8DEQ_EMD-27395_H	11	1
8DIT_EMD-27442_A	8DIT_EMD-27442_A	22	1
8DIT_EMD-27442_B	8DIT_EMD-27442_B	33	1
8DIT_EMD-27442_C	8DIT_EMD-27442_C	30	1
8DME_EMD-27534_A	8DME_EMD-27534_A	43	1
8DS6_EMD-27684_A	8DS6_EMD-27684_A	12	1
8DTL_EMD-27704_A	8DTL_EMD-27704_A	68	1
8DUO_EMD-27724_A	8DUO_EMD-27724_A	13	1
8DWT_EMD-27759_A	8DWT_EMD-27759_A	20	1
8DYO_EMD-27780_B	8DYO_EMD-27780_B	11	1
8E05_EMD-27817_A	8E05_EMD-27817_A	95	1
8E3A_EMD-27861_A	8E3B_EMD-27862_A	15	4
8E3A_EMD-27861_B	8E3C_EMD-27863_B	17	4
8E3A_EMD-27861_C	8E3B_EMD-27862_C	17	4
8E6R_EMD-27923_A	8E6R_EMD-27923_A	28	2
8EEQ_EMD-28055_A	8E34_EMD-27856_A	4	2
8EJ1_EMD-28172_A	8EJ1_EMD-28172_A	25	1
8EJ5_EMD-28176_A	8EJ5_EMD-28176_A	15	1
8EKI_EMD-28204_A	8EKI_EMD-28204_A	3	1
8EKI_EMD-28204_C	8EKI_EMD-28204_C	3	1
8EKI_EMD-28204_E	8EKI_EMD-28204_E	8	1
8EP0_EMD-28494_A	8EP1_EMD-28498_A	30	2
8EQB_EMD-28536_A	8EQB_EMD-28536_A	11	1
8EQB_EMD-28536_B	8EQB_EMD-28536_B	10	1
8EQB_EMD-28536_C	8EQB_EMD-28536_C	7	1
8ET2_EMD-28584_A	8ET2_EMD-28584_A	14	1
8EWY_EMD-28649_A	8EWY_EMD-28649_A	56	1
8EWY_EMD-28649_C	8EWY_EMD-28649_C	2	1
8EXQ_EMD-28659_A	8EXQ_EMD-28659_A	17	2
8FCK_EMD-28981_A	8FCK_EMD-28981_A	1	1
8FCK_EMD-28981_B	8FCK_EMD-28981_B	4	2
8FCK_EMD-28981_C	8FCK_EMD-28981_C	2	2
8FCK_EMD-28981_D	8FCK_EMD-28981_D	7	1
8FCK_EMD-28981_E	8FCK_EMD-28981_E	1	1
8FCK_EMD-28981_F	8FCK_EMD-28981_F	3	1
8FCK_EMD-28981_H	8FCK_EMD-28981_H	2	1
8FEJ_EMD-29029_A	8FEJ_EMD-29029_A	27	2
8FMB_EMD-29291_A	8FMB_EMD-29291_A	9	1
8FNW_EMD-29328_A	8FNW_EMD-29328_A	15	1
8FNW_EMD-29328_M	8FNW_EMD-29328_M	14	1
8FOE_EMD-29347_A	8FOE_EMD-29347_A	12	1
8FOE_EMD-29347_B	8FOE_EMD-29347_B	4	1
8FOE_EMD-29347_C	8FOE_EMD-29347_C	34	1
8FQ1_EMD-29373_E	8FQ1_EMD-29373_E	5	1
8FTK_EMD-29439_A	8FTK_EMD-29439_A	29	1
8FXR_EMD-29541_AC	8FXR_EMD-29541_AC	1	1
8FXR_EMD-29541_AE	8FXR_EMD-29541_AE	1	1
8FXR_EMD-29541_X	8FXR_EMD-29541_X	1	1
8FXR_EMD-29541_Y	8FXR_EMD-29541_Y	1	1
8G72_EMD-29794_A	8G72_EMD-29794_A	10	1
8G79_EMD-29803_D	8G79_EMD-29803_D	16	1
8GBS_EMD-29921_A	8GBS_EMD-29921_A	1	1
8GHA_EMD-40029_B	8GHA_EMD-40029_B	35	1
8GP3_EMD-34188_B	8GP3_EMD-34188_B	25	1
8GTC_EMD-34249_A	8GTC_EMD-34249_A	10	1
8GTC_EMD-34249_G	8GTC_EMD-34249_G	18	1
8GTC_EMD-34249_M	8GTC_EMD-34249_M	98	1
8GTC_EMD-34249_P	8GTC_EMD-34249_P	17	1
8GTC_EMD-34249_S	8GTC_EMD-34249_S	24	1
8GTD_EMD-34250_A	8GTD_EMD-34250_A	13	1
8GTD_EMD-34250_B	8GTD_EMD-34250_B	13	1
8GTF_EMD-34252_M	8GTF_EMD-34252_M	7	1
8H33_EMD-34449_E	8H3R_EMD-34474_A	33	9
8H33_EMD-34449_F	8H37_EMD-34453_A	34	7
8H36_EMD-34452_C	8H36_EMD-34452_C	8	1
8H3A_EMD-34462_G	8H3A_EMD-34462_G	3	2
8H3F_EMD-34467_A	8H3F_EMD-34467_A	5	2
8H3F_EMD-34467_B	8H3F_EMD-34467_B	6	2
8H3F_EMD-34467_C	8H3F_EMD-34467_C	6	2
8H3F_EMD-34467_D	8H3A_EMD-34462_D	3	2
8H3F_EMD-34467_E	8H3A_EMD-34462_E	8	2
8H3F_EMD-34467_F	8H3A_EMD-34462_F	11	2
8H3F_EMD-34467_H	8H3A_EMD-34462_H	3	2
8H3F_EMD-34467_I	8H33_EMD-34449_A	33	7
8H3S_EMD-32829_A	8H3U_EMD-32828_A	45	2
8H3S_EMD-32829_B	8H3U_EMD-32828_B	24	2
8H3S_EMD-32829_C	8H3S_EMD-32829_C	17	1
8HC6_EMD-34653_B	8HC7_EMD-34654_C	38	2
8HCR_EMD-34664_A	8HCR_EMD-34664_A	19	1
8HCR_EMD-34664_B	8HCR_EMD-34664_B	16	1
8HCR_EMD-34664_C	8HCR_EMD-34664_C	5	1
8HCR_EMD-34664_E	8HCR_EMD-34664_E	15	1
8HCR_EMD-34664_F	8HCR_EMD-34664_F	5	1
8HCR_EMD-34664_H	8HCR_EMD-34664_H	1	1
8HCR_EMD-34664_I	8HCR_EMD-34664_I	2	1
8HGJ_EMD-34740_A	8HGJ_EMD-34740_A	29	1
8HGJ_EMD-34740_B	8HGJ_EMD-34740_B	4	1
8HIA_EMD-34813_A	8HIA_EMD-34813_A	2	1
8HMD_EMD-34896_A	8HMD_EMD-34896_A	58	2
8HMD_EMD-34896_B	8HMD_EMD-34896_B	63	1
8HMD_EMD-34896_C	8HMD_EMD-34896_C	2	1
8HRE_EMD-34968_A	8HRE_EMD-34968_A	50	1
8HSL_EMD-35000_A	8HSL_EMD-35000_A	19	1
8HSL_EMD-35000_C	8HSL_EMD-35000_C	21	1
8HSL_EMD-35000_D	8HSL_EMD-35000_D	20	1
8HSL_EMD-35000_E	8HSL_EMD-35000_E	21	1
8HSL_EMD-35000_F	8HSL_EMD-35000_F	20	1
8HWL_EMD-35059_A	8HWL_EMD-35059_A	34	1
8I2H_EMD-35136_A	8I2H_EMD-35136_A	25	1
8I4W_EMD-35186_D	7YQH_EMD-34025_E	5	3
8I6U_EMD-35207_A	8I6U_EMD-35207_A	11	1
8I7O_EMD-35229_AE	8I7O_EMD-35229_AE	1	1
8I7O_EMD-35229_VF	8I7O_EMD-35229_VF	1	1
8I9J_EMD-35274_A	8I9J_EMD-35274_A	2	1
8I9J_EMD-35274_C	8I9J_EMD-35274_C	5	1
8I9M_EMD-35276_A	8I9M_EMD-35276_A	2	1
8I9M_EMD-35276_B	8I9M_EMD-35276_B	6	1
8IC2_EMD-35352_B	8IC2_EMD-35352_B	2	1
8IC2_EMD-35352_F	7DGQ_EMD-30673_I	1	3
8IC2_EMD-35352_FB	8IC2_EMD-35352_FB	1	1
8IC2_EMD-35352_G	7DGQ_EMD-30673_W	1	5
8IC2_EMD-35352_M	8IC2_EMD-35352_M	1	1
8IC2_EMD-35352_N	8IC2_EMD-35352_N	1	1
8IC2_EMD-35352_O	8IC2_EMD-35352_O	1	1
8IC2_EMD-35352_P	8IC2_EMD-35352_P	1	1
8IC2_EMD-35352_Q	8IC2_EMD-35352_Q	1	1
8IC2_EMD-35352_QA	8IC2_EMD-35352_QA	1	1
8IF6_EMD-35402_A	8IF6_EMD-35402_A	34	1
8IF6_EMD-35402_B	8IF6_EMD-35402_B	3	1
8IF6_EMD-35402_C	8IF6_EMD-35402_C	10	1
8IGQ_EMD-35437_A	8IGQ_EMD-35437_A	13	1
8IGQ_EMD-35437_B	8IGQ_EMD-35437_B	11	1
8IGQ_EMD-35437_D	8IGQ_EMD-35437_D	5	1
8IQF_EMD-35660_A	7Y5V_EMD-33626_A	3	2
8IZN_EMD-35866_A	8IZN_EMD-35866_A	8	1
8IZN_EMD-35866_B	8IZN_EMD-35866_B	7	1
8J5Z_EMD-35996_A	8J5Z_EMD-35996_A	10	1
8JF7_EMD-36209_D	8JF7_EMD-36209_D	39	1
8JF7_EMD-36209_E	8JF7_EMD-36209_E	12	1
8JF7_EMD-36209_F	8JF7_EMD-36209_F	19	1
8JF7_EMD-36209_J	8JF7_EMD-36209_J	24	1
8JPG_EMD-36479_A	8JPG_EMD-36479_A	21	1
8JPG_EMD-36479_E	8JPG_EMD-36479_E	21	1
8K9B_EMD-36983_B	8K9M_EMD-36991_B	22	3
8K9B_EMD-36983_C	8K9J_EMD-36988_C	66	3
8KC3_EMD-37091_A	8Y1L_EMD-38839_A	31	2
8KC3_EMD-37091_D	8KC3_EMD-37091_D	31	2
8KC3_EMD-37091_E	8KC3_EMD-37091_E	59	2
8ODU_EMD-16817_A	8ODU_EMD-16817_A	8	2
8ODU_EMD-16817_C	8ODU_EMD-16817_C	2	2
8OJJ_EMD-16914_A	8OJJ_EMD-16914_A	3	1
8OOH_EMD-17015_A	8OOH_EMD-17015_A	8	1
8OSH_EMD-17153_A	8OSH_EMD-17153_A	8	1
8OVF_EMD-17213_A	8OVF_EMD-17213_A	28	3
8P13_EMD-17344_A	8P13_EMD-17344_A	6	2
8P13_EMD-17344_B	7YU8_EMD-34102_B	28	6
8PQZ_EMD-17829_B	8PQZ_EMD-17829_B	29	1
8PWL_EMD-17994_A	8HAE_EMD-34586_A	17	2
8Q4L_EMD-18149_A	8Q4L_EMD-18149_A	12	1
8Q5H_EMD-18179_D	8Q5H_EMD-18179_D	2	1
8QPU_EMD-18562_E	8QPU_EMD-18562_E	7	2
8QQL_EMD-18595_A	8QQL_EMD-18595_A	6	1
8QQM_EMD-18596_C	8QQM_EMD-18596_C	1	1
8QV0_EMD-18664_A	8QV0_EMD-18664_A	15	1
8QV0_EMD-18664_B	8QV0_EMD-18664_B	19	1
8QX8_EMD-18701_A	8QX8_EMD-18701_A	30	1
8QX8_EMD-18701_B	8QX8_EMD-18701_B	32	1
8QX8_EMD-18701_C	8QX8_EMD-18701_C	24	1
8QX8_EMD-18701_D	8QX8_EMD-18701_D	17	1
8QX8_EMD-18701_F	8QX8_EMD-18701_F	34	1
8RHN_EMD-19177_A	8RHN_EMD-19177_A	2	1
8RHN_EMD-19177_E	8RHN_EMD-19177_E	12	1
8RHN_EMD-19177_G	8RHN_EMD-19177_G	15	1
8RHN_EMD-19177_I	8RHN_EMD-19177_I	16	1
8RJK_EMD-19250_A	8RJK_EMD-19250_A	7	1
8RK5_EMD-19260_A	8RK5_EMD-19260_A	23	1
8RK5_EMD-19260_B	8RK5_EMD-19260_B	24	1
8RRT_EMD-19464_I	8RRT_EMD-19464_I	8	2
8RRU_EMD-19465_E	8RRU_EMD-19465_E	126	2
8RTA_EMD-19484_E	8RTA_EMD-19484_E	9	1
8RTY_EMD-19499_E	8RTY_EMD-19499_E	6	1
8RTY_EMD-19499_J	8RTY_EMD-19499_J	1	1
8RVE_EMD-16844_A	8RVE_EMD-16844_A	1	1
8S41_EMD-19708_A	8S41_EMD-19708_A	2	1
8SAL_EMD-40273_A	8SAT_EMD-40279_A	39	2
8SAL_EMD-40273_B	8SAL_EMD-40273_B	2	2
8SAL_EMD-40273_C	8SAT_EMD-40279_C	13	2
8SAT_EMD-40279_D	8SAL_EMD-40273_D	11	2
8SL3_EMD-40572_A	8SL4_EMD-40573_A	16	2
8SLI_EMD-40578_A	8SLI_EMD-40578_A	15	2
8SQZ_EMD-40715_A	8SQZ_EMD-40715_A	4	1
8SSL_EMD-40751_A	8STA_EMD-40758_A	31	2
8SXI_EMD-40853_A	8SXI_EMD-40853_A	43	1
8SXI_EMD-40853_B	8SXI_EMD-40853_B	1	1
8SXI_EMD-40853_C	8SXI_EMD-40853_C	11	1
8SXI_EMD-40853_D	8SXI_EMD-40853_D	11	1
8T1H_EMD-40967_A	8T1H_EMD-40967_A	9	1
8T1I_EMD-40968_J	8T1I_EMD-40968_J	2	3
8T1I_EMD-40968_M	8T1I_EMD-40968_M	13	3
8T1I_EMD-40968_O	8T1I_EMD-40968_O	7	1
8T1I_EMD-40968_T	8T1I_EMD-40968_T	5	1
8T1I_EMD-40968_V	8T9D_EMD-41107_T	5	3
8T1L_EMD-40971_A	8T1L_EMD-40971_A	15	1
8T1L_EMD-40971_C	8T1L_EMD-40971_C	2	1
8T1L_EMD-40971_I	8T1I_EMD-40968_I	37	3
8T1L_EMD-40971_O	8T1L_EMD-40971_O	10	2
8T4I_EMD-41032_A	8T4I_EMD-41032_A	21	1
8T4I_EMD-41032_B	8T4I_EMD-41032_B	14	1
8T9D_EMD-41107_A	8T1I_EMD-40968_A	21	2
8T9D_EMD-41107_C	8T1I_EMD-40968_C	2	2
8T9D_EMD-41107_K	8T1I_EMD-40968_K	29	3
8T9D_EMD-41107_L	8T1L_EMD-40971_L	16	3
8T9D_EMD-41107_V	8T1L_EMD-40971_V	6	2
8TFC_EMD-41229_A	8TFC_EMD-41229_A	24	1
8TH8_EMD-41251_C	8TH8_EMD-41251_C	6	1
8TH8_EMD-41251_F	8TH8_EMD-41251_F	11	1
8TH8_EMD-41251_G	8TH8_EMD-41251_G	14	1
8TH8_EMD-41251_H	8TH8_EMD-41251_H	30	1
8TH8_EMD-41251_I	8TH8_EMD-41251_I	4	1
8TH8_EMD-41251_L	8TH8_EMD-41251_L	10	1
8TH8_EMD-41251_P	8TH8_EMD-41251_P	15	1
8TJ5_EMD-41300_S	8TJ5_EMD-41300_S	2	1
8TJ5_EMD-41300_T	8TJ5_EMD-41300_T	6	2
8TJ5_EMD-41300_U	8TJ5_EMD-41300_U	4	2
8TJ5_EMD-41300_V	8TJ5_EMD-41300_V	2	1
8TJ5_EMD-41300_W	8TJ5_EMD-41300_W	4	1
8TUW_EMD-41633_A	8TUW_EMD-41633_A	2	1
8U5B_EMD-41915_A	7TDN_EMD-25835_A	5	3
8UBU_EMD-42105_A	8UBU_EMD-42105_A	6	1
8UBU_EMD-42105_C	8UBU_EMD-42105_C	3	1
8UBU_EMD-42105_D	8UBU_EMD-42105_D	16	1
8UBU_EMD-42105_E	8UBU_EMD-42105_E	4	1
8UCR_EMD-42136_A	8UCR_EMD-42136_A	2	1
8UDG_EMD-42149_A	8UDG_EMD-42149_A	2	1
8UF8_EMD-42186_A	8UF8_EMD-42186_A	34	1
8UGR_EMD-42233_AE	7DGR_EMD-30674_IB	1	3
8UGR_EMD-42233_DB	8UGR_EMD-42233_DB	1	1
8UGR_EMD-42233_E	7DGR_EMD-30674_A	1	3
8UGR_EMD-42233_EB	8UGR_EMD-42233_EB	1	1
8UGR_EMD-42233_GB	7DGQ_EMD-30673_JB	1	3
8UGR_EMD-42233_S	7DGR_EMD-30674_T	1	3
8UOX_EMD-42439_D	8WIW_EMD-37570_A	2	2
8UP1_EMD-42442_A	8UP1_EMD-42442_A	7	1
8UQI_EMD-42469_A	8UQI_EMD-42469_A	29	2
8V41_EMD-42963_B	8V41_EMD-42963_B	20	2
8V41_EMD-42963_E	8V43_EMD-42964_C	18	2
8V41_EMD-42963_G	8V41_EMD-42963_G	21	2
8V43_EMD-42964_A	8V41_EMD-42963_A	4	2
8VAN_EMD-43096_A	8VAN_EMD-43096_A	6	1
8VAN_EMD-43096_B	8VAN_EMD-43096_B	7	1
8VAN_EMD-43096_E	8VAN_EMD-43096_E	9	1
8VAN_EMD-43096_F	8VAN_EMD-43096_F	30	1
8VDQ_EMD-43155_A	8VDQ_EMD-43155_A	13	1
8VHI_EMD-43238_A	8VHJ_EMD-43239_A	10	3
8VLZ_EMD-43349_A	8EEW_EMD-28063_A	12	5
8VRD_EMD-43481_C	7QJD_EMD-14018_G	8	5
8VRD_EMD-43481_F	7QJD_EMD-14018_C	8	5
8VRD_EMD-43481_G	7QJ6_EMD-14011_Q	14	7
8VRJ_EMD-43482_A	8C5C_EMD-16435_N	18	6
8VRJ_EMD-43482_B	6ZPI_EMD-11340_C	20	9
8VWI_EMD-43588_A	8VWJ_EMD-43589_A	16	4
8VWI_EMD-43588_G	9H2A_EMD-51791_I	2	3
8VWI_EMD-43588_P	9H2A_EMD-51791_E	16	3
8VWJ_EMD-43589_J	9H2J_EMD-51808_A	9	4
8VWJ_EMD-43589_K	9H2A_EMD-51791_C	7	4
8VWJ_EMD-43589_O	9H2A_EMD-51791_F	31	4
8W1I_EMD-43726_A	8W1I_EMD-43726_A	40	1
8W9P_EMD-37378_A	8W9P_EMD-37378_A	38	3
8W9P_EMD-37378_P	8W9R_EMD-37380_P	8	3
8W9P_EMD-37378_R	8W9Q_EMD-37379_R	26	2
8W9Q_EMD-37379_C	8W9R_EMD-37380_C	11	3
8WGC_EMD-37508_A	8WGC_EMD-37508_A	33	1
8WTJ_EMD-37835_A	7A96_EMD-11686_A	82	28
8XA1_EMD-38191_C	8XA1_EMD-38191_C	55	1
8XA1_EMD-38191_G	8X9W_EMD-38186_O	18	2
8XKM_EMD-38420_C	8XKM_EMD-38420_C	2	1
8XOU_EMD-38541_A	8XOU_EMD-38541_A	2	1
8XVA_EMD-38694_B	8XVA_EMD-38694_B	21	1
8XWQ_EMD-38741_A	8XWQ_EMD-38741_A	6	1
8XWQ_EMD-38741_B	8XWQ_EMD-38741_B	28	1
8XWQ_EMD-38741_D	8DDW_EMD-27344_I	30	4
8YAX_EMD-39107_A	8YAX_EMD-39107_A	73	2
8YAX_EMD-39107_C	8YB7_EMD-39112_C	26	2
8YBS_EMD-34546_C	8YBS_EMD-34546_C	21	1
8YBZ_EMD-34603_D	8YBZ_EMD-34603_D	15	1
8YBZ_EMD-34603_E	8Z6Q_EMD-39801_B	70	3
8YDX_EMD-39184_A	8YDX_EMD-39184_A	72	1
8YFG_EMD-39223_A	8YFG_EMD-39223_A	21	1
8YGA_EMD-39240_A	8YGF_EMD-39246_A	14	2
8YGF_EMD-39246_C	8YGF_EMD-39246_C	10	1
8YJT_EMD-39349_C	8VKQ_EMD-43327_C	1	3
8YO9_EMD-39438_A	8YO9_EMD-39438_A	18	2
8YOD_EMD-39444_B	8YOD_EMD-39444_B	17	1
8YQF_EMD-39498_A	8YQF_EMD-39498_A	16	1
8YS2_EMD-38376_A	7V0N_EMD-26945_A	40	5
8YS2_EMD-38376_B	8YS2_EMD-38376_B	31	2
8YS2_EMD-38376_C	8YS4_EMD-38377_C	15	2
8YS2_EMD-38376_M	8YS2_EMD-38376_M	4	1
8YS4_EMD-38377_M	8YS4_EMD-38377_M	2	1
8YS4_EMD-38377_Q	8YS4_EMD-38377_Q	2	1
8YTC_EMD-39571_A	8YTC_EMD-39571_A	2	1
8Z6Q_EMD-39801_C	8Z6Q_EMD-39801_C	70	2
8Z94_EMD-39854_A	8Z94_EMD-39854_A	1	1
8Z9V_EMD-39869_A	8Z9V_EMD-39869_A	6	1
8ZC6_EMD-39924_D	8ZC6_EMD-39924_D	70	1
8ZC6_EMD-39924_E	8ZC6_EMD-39924_E	70	1
8ZJM_EMD-60150_A	6TGB_EMD-10497_B	18	7
8ZKM_EMD-60199_A	8ZKM_EMD-60199_A	2	1
8ZKM_EMD-60199_B	8ZKM_EMD-60199_B	11	1
8ZKM_EMD-60199_E	8ZKM_EMD-60199_E	50	1
9AY5_EMD-43960_A	9AY5_EMD-43960_A	2	1
9AY5_EMD-43960_AB	9AY5_EMD-43960_AB	1	1
9B8L_EMD-44349_A	9B8L_EMD-44349_A	116	1
9BD1_EMD-44443_A	9BD1_EMD-44443_A	48	2
9BD8_EMD-44446_B	9BD8_EMD-44446_B	22	1
9BRR_EMD-44841_Q	9BRR_EMD-44841_Q	4	1
9BRR_EMD-44841_X	9BRR_EMD-44841_X	5	1
9BYW_EMD-45046_A	9BYW_EMD-45046_A	31	3
9BZ9_EMD-45057_C	9BZ9_EMD-45057_C	1	1
9C58_EMD-45207_A	9C58_EMD-45207_A	8	2
9C5B_EMD-45213_A	9QPQ_EMD-53278_P	8	2
9C62_EMD-45240_A	9C62_EMD-45240_A	25	1
9C62_EMD-45240_B	9C62_EMD-45240_B	23	1
9C62_EMD-45240_F	9C62_EMD-45240_F	24	1
9C62_EMD-45240_G	9C62_EMD-45240_G	19	1
9C62_EMD-45240_H	9C62_EMD-45240_H	5	1
9C62_EMD-45240_J	9C62_EMD-45240_J	18	1
9C62_EMD-45240_K	9C62_EMD-45240_K	5	1
9C62_EMD-45240_M	9C62_EMD-45240_M	17	1
9C62_EMD-45240_N	9C62_EMD-45240_N	1	1
9C7P_EMD-45283_A	9C7P_EMD-45283_A	41	8
9C7P_EMD-45283_B	9C7P_EMD-45283_B	41	2
9C82_EMD-45297_B	9MHH_EMD-48278_B	27	2
9C82_EMD-45297_C	9C82_EMD-45297_C	3	2
9C82_EMD-45297_D	9C82_EMD-45297_D	11	2
9CBC_EMD-45422_A	9C4K_EMD-45190_A	26	2
9CBC_EMD-45422_B	9C4K_EMD-45190_B	57	2
9CBC_EMD-45422_C	9C4K_EMD-45190_C	38	2
9CBC_EMD-45422_P	9C4K_EMD-45190_P	111	2
9CBC_EMD-45422_Q	9CBC_EMD-45422_Q	56	2
9CHO_EMD-45591_A	9CHO_EMD-45591_A	86	3
9CM5_EMD-45739_A	9CM5_EMD-45739_A	90	1
9CN0_EMD-45755_A	9CN0_EMD-45755_A	55	2
9COD_EMD-45776_A	9COD_EMD-45776_A	6	1
9CR2_EMD-45830_A	9CR2_EMD-45830_A	25	4
9CR2_EMD-45830_E	9CR2_EMD-45830_E	28	1
9CR2_EMD-45830_G	9CR2_EMD-45830_G	23	3
9CS3_EMD-45886_D	9CS3_EMD-45886_D	22	2
9CS3_EMD-45886_E	9CS3_EMD-45886_E	21	1
9CTH_EMD-42405_A	9CTH_EMD-42405_A	59	1
9CTH_EMD-42405_B	9CTH_EMD-42405_B	8	1
9CTH_EMD-42405_C	9CTH_EMD-42405_C	20	1
9CTH_EMD-42405_D	9CTH_EMD-42405_D	28	1
9CTH_EMD-42405_E	9CTH_EMD-42405_E	48	1
9D2F_EMD-46494_A	9D2F_EMD-46494_A	50	1
9D2F_EMD-46494_B	9D2F_EMD-46494_B	17	1
9D2F_EMD-46494_D	9D2F_EMD-46494_D	23	1
9D2F_EMD-46494_E	9D2F_EMD-46494_E	14	1
9D2F_EMD-46494_G	9D2F_EMD-46494_G	21	1
9D2F_EMD-46494_J	9D2F_EMD-46494_J	64	1
9D2F_EMD-46494_K	9D2F_EMD-46494_K	68	1
9D2F_EMD-46494_L	9D2F_EMD-46494_L	2	1
9D2F_EMD-46494_O	9D2F_EMD-46494_O	17	1
9D2F_EMD-46494_P	9D2F_EMD-46494_P	3	1
9D2F_EMD-46494_Q	9D2F_EMD-46494_Q	5	1
9D2F_EMD-46494_R	9D2F_EMD-46494_R	17	1
9D2F_EMD-46494_S	9D2F_EMD-46494_S	4	1
9D2F_EMD-46494_T	9D2F_EMD-46494_T	12	1
9D2F_EMD-46494_U	9D2F_EMD-46494_U	18	1
9D2F_EMD-46494_V	9D2F_EMD-46494_V	7	1
9D5C_EMD-29980_A	8GF7_EMD-29980_A	14	2
9DGT_EMD-46847_M	9DGT_EMD-46847_M	3	2
9DGU_EMD-46848_A	9HHL_EMD-52171_D	23	3
9DGU_EMD-46848_J	9DGT_EMD-46847_J	19	3
9DGU_EMD-46848_K	9DGU_EMD-46848_K	12	3
9DGU_EMD-46848_L	9DGU_EMD-46848_L	12	3
9DGU_EMD-46848_U	9DGT_EMD-46847_U	17	2
9DLG_EMD-46977_A	9DLG_EMD-46977_A	8	1
9DRL_EMD-47128_A	9DRL_EMD-47128_A	4	1
9DRL_EMD-47128_B	9DRL_EMD-47128_B	4	1
9DRY_EMD-47134_A	9DRY_EMD-47134_A	7	1
9DRY_EMD-47134_B	9DRY_EMD-47134_B	7	1
9DWU_EMD-47265_A	9DWU_EMD-47265_A	36	1
9DWU_EMD-47265_C	9DWU_EMD-47265_C	6	1
9E14_EMD-47383_A	9E13_EMD-47382_A	80	6
9E14_EMD-47383_C	9E12_EMD-47381_C	32	5
9E14_EMD-47383_E	9E14_EMD-47383_E	10	3
9E14_EMD-47383_G	9E12_EMD-47381_G	5	4
9E23_EMD-47430_H	9E23_EMD-47430_H	35	4
9EAD_EMD-47830_A	9EAD_EMD-47830_A	19	1
9EAD_EMD-47830_B	9EAD_EMD-47830_B	16	1
9EAD_EMD-47830_C	9EAD_EMD-47830_C	12	1
9EDD_EMD-47945_B	9EDE_EMD-47946_B	24	2
9ELD_EMD-48145_A	9ELD_EMD-48145_A	10	1
9EOF_EMD-19853_C	9EOF_EMD-19853_C	4	1
9EOF_EMD-19853_D	9EOF_EMD-19853_D	7	1
9EUF_EMD-19968_A	9EUF_EMD-19968_A	2	1
9EUF_EMD-19968_W	9EUG_EMD-19969_L	15	2
9EUG_EMD-19969_A	9EUG_EMD-19969_A	9	1
9EUG_EMD-19969_B	9EUG_EMD-19969_B	27	1
9EUG_EMD-19969_C	9EUG_EMD-19969_C	18	1
9EUG_EMD-19969_E	9EUG_EMD-19969_E	26	1
9EUG_EMD-19969_F	9EUG_EMD-19969_F	2	1
9EUG_EMD-19969_H	9EUG_EMD-19969_H	1	1
9EUG_EMD-19969_M	9EUG_EMD-19969_M	16	2
9EUG_EMD-19969_P	9EUG_EMD-19969_P	37	1
9EUG_EMD-19969_R	9EUG_EMD-19969_R	13	1
9F5W_EMD-50201_A	9F5W_EMD-50201_A	16	1
9F5W_EMD-50201_B	9F5W_EMD-50201_B	18	1
9F5W_EMD-50201_D	9F5W_EMD-50201_D	2	1
9F62_EMD-50210_A	9F62_EMD-50210_A	1	1
9F62_EMD-50210_AD	9F62_EMD-50210_AD	1	1
9F62_EMD-50210_BH	9F62_EMD-50210_BH	1	1
9F62_EMD-50210_C	9F62_EMD-50210_C	1	1
9F62_EMD-50210_CG	9F62_EMD-50210_CG	1	1
9F62_EMD-50210_FB	9F62_EMD-50210_FB	1	1
9F62_EMD-50210_FC	9F62_EMD-50210_FC	1	1
9F6Z_EMD-17349_A	9F6Z_EMD-17349_A	29	1
9F9Q_EMD-16917_A	9F9Q_EMD-16917_A	13	1
9FCH_EMD-50314_A	9FCH_EMD-50314_A	9	1
9FNO_EMD-50600_D	9FNO_EMD-50600_D	18	1
9FNO_EMD-50600_E	9FNO_EMD-50600_E	70	1
9FO3_EMD-50615_A	9FO3_EMD-50615_A	9	1
9G3Y_EMD-51018_A	9G3Y_EMD-51018_A	4	1
9G3Y_EMD-51018_B	7QJD_EMD-14018_D	8	7
9G3Y_EMD-51018_J	8VRJ_EMD-43482_R	16	5
9G3Y_EMD-51018_L	9G3Y_EMD-51018_L	8	1
9G69_EMD-51096_A	9G69_EMD-51096_A	16	1
9G69_EMD-51096_C	9G69_EMD-51096_C	7	1
9G93_EMD-45459_A	9G93_EMD-45459_A	60	1
9GA2_EMD-51169_A	9GA2_EMD-51169_A	32	1
9GE8_EMD-51293_A	9GE8_EMD-51293_A	22	1
9GE8_EMD-51293_B	9GE8_EMD-51293_B	12	1
9GKO_EMD-51431_A	9GKO_EMD-51431_A	12	1
9GNH_EMD-51470_A	9GNH_EMD-51470_A	34	1
9GOT_EMD-51500_A	9GOT_EMD-51500_A	1	3
9GSX_EMD-51557_A	9GSX_EMD-51557_A	48	1
9GSX_EMD-51557_L	9GSX_EMD-51557_L	22	1
9H2A_EMD-51791_L	8VWI_EMD-43588_N	19	4
9H2J_EMD-51808_O	9H2J_EMD-51808_O	5	1
9H4I_EMD-51852_A	9H4I_EMD-51852_A	40	1
9HF2_EMD-52105_A	9HF2_EMD-52105_A	4	1
9HGE_EMD-52134_A	9HGE_EMD-52134_A	6	1
9HHL_EMD-52171_B	9HHL_EMD-52171_B	22	1
9HHL_EMD-52171_Q	9HHL_EMD-52171_Q	3	1
9I1I_EMD-52570_A	9I1I_EMD-52570_A	90	1
9I3N_EMD-52601_A	9I3N_EMD-52601_A	2	2
9I8N_EMD-52730_A	9I8N_EMD-52730_A	6	1
9I8N_EMD-52730_B	9I8N_EMD-52730_B	2	1
9I8N_EMD-52730_J	9I8N_EMD-52730_J	6	1
9I8N_EMD-52730_L	9I8N_EMD-52730_L	4	1
9ILV_EMD-60675_A	9ILV_EMD-60675_A	8	1
9JCH_EMD-61366_A	9JCH_EMD-61366_A	7	2
9K6V_EMD-62137_A	9K6V_EMD-62137_A	22	2
9KYW_EMD-61461_B	9KYW_EMD-61461_B	18	1
9L46_EMD-62807_A	9L46_EMD-62807_A	13	2
9L46_EMD-62807_C	9L46_EMD-62807_C	4	1
9L8P_EMD-62702_A	9L8P_EMD-62702_A	23	1
9L8P_EMD-62702_O	9L8P_EMD-62702_O	13	1
9LWO_EMD-63452_A	9LWO_EMD-63452_A	4	1
9LX0_EMD-63464_B	8JHK_EMD-36271_B	50	6
9LX0_EMD-63464_C	8ZJ2_EMD-60136_G	8	3
9LX0_EMD-63464_D	8ZJ2_EMD-60136_B	47	3
9M7Z_EMD-63698_A	9M7Z_EMD-63698_A	91	2
9M7Z_EMD-63698_B	7MKQ_EMD-23903_D	74	2
9M7Z_EMD-63698_C	9M7Z_EMD-63698_C	17	2
9MDJ_EMD-48172_A	9MDN_EMD-48174_A	42	3
9MET_EMD-48219_A	9MET_EMD-48219_A	17	1
9MHH_EMD-48278_A	9MHH_EMD-48278_A	49	2
9MHH_EMD-48278_E	9MHH_EMD-48278_E	10	1
9MOD_EMD-48456_A	8UWW_EMD-42681_A	22	60
9MOD_EMD-48456_H	6KN7_EMD-0728_V	4	21
9MOK_EMD-48468_I	8V0I_EMD-42856_D	2	13
9MRM_EMD-48559_E	9MRM_EMD-48559_E	5	1
9MVT_EMD-48669_A	9N5K_EMD-48924_A	73	2
9NG2_EMD-49380_K	9NG2_EMD-49380_K	1	1
9NJT_EMD-49490_A	9NJT_EMD-49490_A	13	1
9NRX_EMD-49740_G	9NRX_EMD-49740_G	34	1
9NRY_EMD-49741_G	9NRY_EMD-49741_G	36	1
9NTT_EMD-49762_A	9NTT_EMD-49762_A	4	1
9NTT_EMD-49762_B	9NTT_EMD-49762_B	12	1
9NV0_EMD-49825_A	9NG2_EMD-49380_A	18	2
9NVD_EMD-49833_A	9PD1_EMD-71523_A	16	2
9NXP_EMD-49910_A	9NXP_EMD-49910_A	18	1
9Q6D_EMD-72267_A	9Q6D_EMD-72267_A	4	1
9QE0_EMD-53035_A	9QE0_EMD-53035_A	38	1
9QE0_EMD-53035_D	9QE0_EMD-53035_D	15	1
9QEJ_EMD-0366_C	9QEJ_EMD-0366_C	3	1
9QF9_EMD-53102_A	9QF9_EMD-53102_A	24	1
9QPQ_EMD-53278_A	9QPQ_EMD-53278_A	1	1
9QPQ_EMD-53278_E	9QPQ_EMD-53278_E	2	1
9QPQ_EMD-53278_G	9QPQ_EMD-53278_G	2	1
9QPQ_EMD-53278_L	9QPQ_EMD-53278_L	9	1
9QQ6_EMD-53294_A	9QQ6_EMD-53294_A	21	1
9QQ6_EMD-53294_C	9QQ6_EMD-53294_C	12	1
9QQR_EMD-53312_A	9QQR_EMD-53312_A	7	1
9QTU_EMD-53362_A	9QTU_EMD-53362_A	16	1
9QTU_EMD-53362_C	9QTU_EMD-53362_C	35	1
9QVM_EMD-53399_K	9QVM_EMD-53399_K	6	2
9QWZ_EMD-53431_B	9QWZ_EMD-53431_B	45	1
9R0S_EMD-53488_A	9R0S_EMD-53488_A	7	1
9R7E_EMD-53305_A	9R7E_EMD-53305_A	1	1
9RMX_EMD-54071_A	9RMX_EMD-54071_A	10	1
9RPD_EMD-54160_A	9RPD_EMD-54160_A	16	2
9RPD_EMD-54160_B	9RPD_EMD-54160_B	18	2
9RPD_EMD-54160_C	9RPD_EMD-54160_C	16	2
9SZR_EMD-55382_A	9SZR_EMD-55382_A	31	1
9T32_EMD-55480_C	9T32_EMD-55480_C	12	1
9T32_EMD-55480_I	9T32_EMD-55480_I	9	1
